{"accuracy": 0.8742666840553284, "loss": 0.37787750363349915}