{"loss": 0.3778775632381439, "accuracy": 0.8742666840553284}